product_id,product_name,category_id,supplier_id,cost_price_inr,unit_price_inr
1,Ultra Fruit Juice 1L,14,17,2398.34,4155.72
2,Royal Kurta Set,3,31,3140.68,4148.41
3,Deluxe Wheat Flour 10kg,1,26,2435.22,4282.73
4,Classic Kurta Set,3,34,747.6,1276.82
5,Smart Notebook Pack,9,35,9454.05,13294.92
6,Compact Herbal Shampoo,6,22,11474.3,16494.11
7,Royal Cooking Oil 1L,1,17,4664.89,8293.58
8,Premium Hand Sanitizer,15,3,3340.13,4472.87
9,Deluxe Face Wash,6,32,-3424.35,1715.76
10,Compact USB Cable,2,35,3379.4,5168.23
11,Deluxe Bed Side Table,10,9,231.4,386.66
12,Smart Bluetooth Speaker,2,26,12177.33,21659.06
13,Ultra Hand Sanitizer,15,42,8685.52,13386.32
14,Premium Cotton Shirt,3,4,7982.28,11286.09
15,Premium Whole Wheat Bread,13,40,8272.83,14573.4
16,Ultra Bed Side Table,10,12,7638.47,9100.84
17,Royal Toaster,12,1,5639.88,8086.58
18,Deluxe Earphones,11,15,14949.22,19731.88
19,Premium Hand Sanitizer,15,18,9545.27,15191.32
20,Eco Storage Container Set,5,6,13203.08,15314.23
21,Deluxe Electric Kettle,12,21,2895.22,4061.01
22,Essential Soft Drink 2L,14,34,10470.32,17876.92
23,Eco Bookshelf,10,26,9346.88,11221.6
24,Classic Basmati Rice 5kg,1,40,,19149.83
25,Premium Wheat Flour 10kg,1,45,1036.06,1222.91
26,Classic Flip Flops,4,25,1624.6,2085.53
27,Smart Green Tea Pack,14,31,1516.16,1840.03
28,Pro Body Lotion,6,17,333.36,438.99
29,Ultra Body Lotion,6,33,7151.72,9561.65
30,Royal Sugar 1kg,1,7,5214.79,8385.53
31,Ultra Green Tea Pack,14,19,2572.16,2960.16
32,Compact Basmati Rice 5kg,1,32,1453.42,2328.21
33,Royal Bookshelf,10,17,8678.55,10876.67
34,Deluxe Formal Shoes,4,8,14081.9,23212.97
35,Compact Notebook Pack,9,23,1445.32,2534.41
36,Compact Yoga Mat,7,14,4561.05,6514.27
37,Essential Protein Powder,15,9,7982.54,13094.63
38,Royal Body Lotion,6,10,13022.61,18787.71
39,Smart Board Game,8,38,3480.75,4758.65
40,Smart Ball Pen Set,9,20,11325.93,19109.57
41,Ultra Casual Sneakers,4,34,5242.51,6833.81
42,Deluxe Mixer Grinder,12,43,1542.54,2159.17
43,Pro Induction Cooktop,12,18,2958.94,4629.82
44,Premium Football,7,1,5997.34,9980.49
45,Essential Charging Cable,11,2,2144.35,3307.47
46,Ultra Face Mask Pack,15,38,11241.52,16005.12
47,Deluxe Protein Powder,15,42,1880.75,2691.62
48,Eco Face Mask Pack,15,26,10702.99,16688.63
49,Ultra Building Blocks Set,8,27,7783.42,12295.6
50,Pro Face Wash,6,32,13624.72,16610.54
51,Royal Electric Kettle,12,23,1534.28,2337.42
52,Compact Notebook Pack,9,34,5155.92,8416.38
53,Royal Formal Trousers,3,8,10942.02,16950.3
54,Premium Football,7,1,1146.27,2000.28
55,Classic Bookshelf,10,15,4566.36,6439.99
56,Essential Muffins Box,13,14,2484.71,4358.49
57,Royal Formal Shoes,4,15,12223.3,15218.88
58,Essential Muffins Box,13,19,11403.12,17928.5
59,Smart Chocolate Cake,13,25,10318.02,18457.69
60,Compact Cookies Pack,13,16,9822.95,13341.61
61,Deluxe Power Bank 10000mAh,2,20,12819.59,15218.02
62,Royal Chocolate Cake,13,999,-9504.77,8370.92
63,Ultra Non-Stick Pan,5,10,12815.52,16284.44
64,Royal Formal Shoes,4,11,9150.51,14615.35
65,Eco Hand Sanitizer,15,32,10398.03,15545.23
66,Royal Multivitamin Tablets,15,8,3982.12,5185.57
67,Essential Sugar 1kg,1,10,10512.32,13773.96
68,Deluxe Mixer Grinder,12,21,7030.05,10655.23
69,Pro Sunscreen SPF50,6,44,,1797.81
70,Compact Study Table,10,7,7669.17,11235.63
71,Deluxe Toaster,12,22,1435.09,2265.1
72,Smart Ball Pen Set,9,28,5142.49,6754.77
73,Pro Sunscreen SPF50,6,22,7566.16,10037.3
74,Classic Earphones,11,22,2900.79,4680.62
75,Pro LED TV 43in,2,36,13286.31,19989.4
76,Eco Basmati Rice 5kg,1,31,9138.11,14417.29
77,Ultra Bed Side Table,10,10,9409.68,15080.54
78,Essential Running Shoes,4,41,11444.87,13915.65
79,Premium Whole Wheat Bread,13,24,13081.39,16222.92
80,Deluxe Fruit Juice 1L,14,27,532.93,619.93
81,Essential Multivitamin Tablets,15,37,7841.87,13222.11
82,Essential Toaster,12,5,231.67,324.72
83,Pro Formal Trousers,3,36,1548.61,2429.66
84,Premium Sugar 1kg,1,1,10262.74,12613.79
85,Deluxe Green Tea Pack,14,31,286.3,463.11
86,Compact Cotton Shirt,3,45,12835.32,20848.66
87,Essential Toaster,12,43,13986.55,18394.17
88,Premium Basmati Rice 5kg,1,42,10305.86,15993.1
89,Essential Plastic Chair,10,39,915.49,1271.54
90,Deluxe Tempered Glass,11,8,5461.72,8570.41
91,Smart Football,7,37,5021.61,6688.48
92,Ultra Cookies Pack,13,1,12472.7,19217.18
93,Pro Protein Powder,15,25,10278.63,15841.0
94,Compact Non-Stick Pan,5,17,4034.98,5052.73
95,Smart Whole Wheat Bread,13,10,12180.05,20872.75
96,Compact Soft Drink 2L,14,35,1294.25,1954.17
97,Smart Chocolate Cake,13,39,882.26,1241.4
98,Pro Study Table,10,30,8117.62,12164.24
99,Royal Resistance Band,7,17,13278.71,19774.76
100,Eco Leather Sandals,4,6,2726.79,4378.38
101,Deluxe Resistance Band,7,16,688.02,1237.16
102,Classic Earphones,11,10,4750.53,5556.85
103,Eco LED TV 43in,2,37,7305.01,11093.9
104,Essential Yoga Mat,7,38,12286.08,21823.2
105,Pro Leather Sandals,4,6,432.24,506.86
106,Ultra Building Blocks Set,8,41,5973.0,7334.52
107,Classic Plastic Chair,10,43,7607.39,9651.77
108,Deluxe Leather Sandals,4,3,14126.87,24888.14
109,Smart Basmati Rice 5kg,1,33,10649.93,16724.08
110,Premium Kurta Set,3,13,10159.8,13656.96
111,Compact Wireless Mouse,2,24,3870.02,4762.81
112,Premium Leather Sandals,4,30,10764.06,13743.74
113,Ultra Running Shoes,4,24,13332.84,16544.0
114,Premium Face Mask Pack,15,41,1145.81,2041.84
115,Deluxe Power Bank 10000mAh,2,22,3340.33,3964.54
116,Deluxe Formal Trousers,3,18,-6285.58,4578.39
117,Smart Chocolate Cake,13,32,1656.38,2395.99
118,Eco Notebook Pack,9,36,7172.28,9582.54
119,Smart Sunscreen SPF50,6,16,13877.69,16839.43
120,Smart Salt 1kg,1,10,14679.9,17034.83
121,Premium Formal Trousers,3,34,4310.19,5965.58
122,Deluxe Steel Dinner Set,5,12,7834.36,10182.89
123,Ultra Green Tea Pack,14,32,11423.97,14439.4
124,Ultra Tempered Glass,11,20,3050.32,3638.12
125,Royal Mixer Grinder,12,23,5041.59,8556.79
126,Essential Sugar 1kg,1,9,13082.76,17309.39
127,Deluxe Face Wash,6,999,-5580.06,3950.29
128,Classic Notebook Pack,9,23,10724.56,18025.28
129,Ultra Toaster,12,4,4387.29,5352.48
130,Royal Toor Dal 1kg,1,9,329.9,586.84
131,Smart Power Bank 10000mAh,2,36,12260.96,14339.78
132,Premium Casual Sneakers,4,39,9559.82,13876.66
133,Deluxe Face Wash,6,3,4109.74,5967.96
134,Classic LED TV 43in,2,26,13268.88,19930.37
135,Pro Earphones,11,11,14223.95,16528.67
136,Pro Study Table,10,4,11658.07,15972.22
137,Compact Resistance Band,7,26,12717.51,15067.83
138,Eco Hand Sanitizer,15,28,9953.51,11521.29
139,Eco Sunscreen SPF50,6,33,10043.72,13022.3
140,Premium Face Mask Pack,15,3,534.92,838.23
141,Ultra Non-Stick Pan,5,7,3773.71,5616.03
142,Smart Non-Stick Pan,5,23,9719.85,11938.38
143,Classic Sketch Book,9,30,8861.92,15559.33
144,Pro Hand Sanitizer,15,37,4338.84,5676.12
145,Ultra Soft Drink 2L,14,45,8561.28,13464.6
146,Ultra Puzzle 500pc,8,31,7045.1,9523.76
147,Ultra Story Book,9,26,197.93,272.99
148,Essential Sketch Book,9,18,4286.6,7681.08
149,Classic Printed T-Shirt,3,39,13071.67,18770.8
150,Classic Puzzle 500pc,8,34,3393.0,6017.65
151,Deluxe Body Lotion,6,44,3053.34,4723.49
152,Smart Wireless Mouse,2,41,10634.11,18551.82
153,Royal Sugar 1kg,1,38,1779.37,2506.01
154,Ultra Fruit Juice 1L,14,39,1683.17,2867.44
155,Compact Body Lotion,6,26,,12144.48
156,Pro Toaster,12,29,4514.34,6766.85
157,Eco Resistance Band,7,6,12328.14,16822.4
158,Eco Casual Sneakers,4,28,-13370.98,8057.61
159,Royal Storage Container Set,5,40,14974.95,22257.88
160,Compact Football,7,3,8928.91,12306.0
161,Classic Ball Pen Set,9,27,5628.75,7939.81
162,Pro Protein Powder,15,32,6036.58,9952.89
163,Deluxe Mixer Grinder,12,24,4784.8,8545.54
164,Compact Power Bank 10000mAh,2,33,13324.39,18968.29
165,Royal Ball Pen Set,9,13,6195.65,7367.31
166,Pro Study Table,10,1,,15948.04
167,Classic Pressure Cooker,5,38,251.31,293.83
168,Royal Bookshelf,10,33,14956.7,22785.1
169,Royal Printed T-Shirt,3,7,454.93,545.68
170,Premium Board Game,8,42,207.12,341.93
171,Deluxe Body Lotion,6,3,4013.82,4875.37
172,Essential Herbal Shampoo,6,40,5797.14,6872.75
173,Premium Sugar 1kg,1,40,3589.62,4648.14
174,Premium Kurta Set,3,30,4569.07,7043.95
175,Pro Bluetooth Speaker,2,44,10782.62,13951.73
176,Eco Building Blocks Set,8,6,2618.54,3621.33
177,Royal Pressure Cooker,5,24,1741.0,2606.17
178,Pro LED TV 43in,2,23,8316.54,11658.01
179,Smart Yoga Mat,7,43,398.76,667.19
180,Royal Casual Sneakers,4,9,8333.54,12113.5
181,Eco Body Lotion,6,26,5665.87,10045.37
182,Eco Ball Pen Set,9,29,10136.03,17863.3
183,Royal Puzzle 500pc,8,16,6074.18,8999.66
184,Royal Phone Case,11,18,-11044.36,8695.13
185,Classic Sugar 1kg,1,45,2672.17,4551.11
186,Royal LED TV 43in,2,24,12081.6,19850.01
187,Smart Bluetooth Speaker,2,9,12256.13,17272.96
188,Smart Remote Control Car,8,12,463.02,737.01
189,Essential Yoga Mat,7,16,14999.09,21153.85
190,Smart Non-Stick Pan,5,39,11016.12,17771.0
191,Eco Formal Trousers,3,20,2359.71,3846.12
192,Eco Printed T-Shirt,3,37,7478.42,11131.68
193,Premium Bookshelf,10,8,12517.43,20712.69
194,Eco Green Tea Pack,14,44,1685.59,2805.55
195,Pro Mixer Grinder,12,45,11164.12,20081.7
196,Compact Notebook Pack,9,28,6649.51,9117.77
197,Royal Soft Drink 2L,14,4,10155.29,13038.17
198,Essential Chocolate Cake,13,13,674.5,1083.77
199,Eco Ball Pen Set,9,35,3918.95,6961.4
200,Smart Bluetooth Speaker,2,9,2065.57,3324.6
201,Royal Running Shoes,4,45,6686.56,11756.97
202,Ultra Protein Powder,15,37,3626.75,5654.51
203,Ultra Denim Jeans,3,30,12595.5,17809.59
204,Essential Cooking Oil 1L,1,14,670.08,1160.76
205,Classic Pressure Cooker,5,11,4880.57,7099.42
206,Premium LED TV 43in,2,30,14882.08,24373.72
207,Classic Induction Cooktop,12,42,7343.37,10517.59
208,Classic Cooking Oil 1L,1,42,4303.88,6665.34
209,Classic Tempered Glass,11,9,11216.78,13083.71
210,Royal Herbal Shampoo,6,44,2543.52,4222.25
211,Deluxe Sunscreen SPF50,6,42,12383.39,16817.9
212,Eco Body Lotion,6,4,637.97,968.74
213,Premium Toaster,12,14,7425.81,10950.8
214,Deluxe Study Table,10,45,3427.94,4250.29
215,Essential Sugar 1kg,1,13,3289.76,4579.73
216,Deluxe Soft Drink 2L,14,19,1098.47,1302.72
217,Premium Wireless Mouse,2,43,14341.0,18135.39
218,Ultra Sugar 1kg,1,44,5234.58,6684.66
219,Royal Board Game,8,41,12983.97,23154.83
220,Compact Whole Wheat Bread,13,39,9883.37,14995.69
221,Smart Tempered Glass,11,22,7965.45,12441.52
222,Classic Toaster,12,10,9914.02,13798.4
223,Ultra Ball Pen Set,9,29,5957.22,7293.21
224,Eco Notebook Pack,9,17,9752.12,12403.73
225,Essential Flip Flops,4,15,8127.58,13027.46
226,Pro Study Table,10,44,1120.63,1608.88
227,Royal Mixer Grinder,12,7,6910.61,11028.47
228,Essential Flip Flops,4,6,2069.3,3423.67
229,Premium Face Wash,6,45,8922.73,11497.27
230,Ultra Yoga Mat,7,13,8453.13,14762.36
231,Premium Induction Cooktop,12,17,1858.38,2587.72
232,Premium Toaster,12,39,5314.57,7340.65
233,Eco Salt 1kg,1,17,-5328.23,4771.39
234,Essential Whole Wheat Bread,13,8,1124.85,1482.52
235,Deluxe Soft Drink 2L,14,38,13133.54,19700.07
236,Premium Building Blocks Set,8,22,14917.38,21878.73
237,Classic Green Tea Pack,14,12,9313.91,14613.96
238,Pro Formal Trousers,3,15,13097.85,20263.02
239,Deluxe Casual Sneakers,4,38,9376.79,12071.65
240,Pro Sunscreen SPF50,6,23,4729.11,6469.79
241,Ultra Formal Shoes,4,3,9470.5,15366.13
242,Smart USB Cable,2,23,8543.03,12757.28
243,Classic Toor Dal 1kg,1,13,11618.99,18143.24
244,Deluxe Steel Dinner Set,5,44,1099.02,1951.77
245,Compact Instant Coffee Jar,14,36,10741.04,14687.06
246,Royal Face Mask Pack,15,24,13415.12,22483.63
247,Essential Running Shoes,4,26,6693.86,10172.47
248,Smart Bluetooth Speaker,2,20,3796.72,5777.6
249,Ultra Bluetooth Speaker,2,6,8782.15,11836.18
250,Classic Muffins Box,13,32,4802.47,6069.85
251,Smart Chocolate Cake,13,16,10571.84,13657.81
252,Royal Bookshelf,10,42,1511.56,1975.8
253,Classic Basmati Rice 5kg,1,37,5130.58,6355.93
254,Compact Multivitamin Tablets,15,2,3199.15,4358.48
255,Compact Resistance Band,7,12,880.57,1249.77
256,Ultra Sunscreen SPF50,6,999,-3870.12,3367.45
257,Pro Face Wash,6,40,,18040.72
258,Royal Leather Sandals,4,6,5380.51,7452.66
259,Ultra Instant Coffee Jar,14,37,4975.97,8119.31
260,Smart Whole Wheat Bread,13,42,11593.64,20698.13
261,Deluxe Sketch Book,9,17,155.42,226.8
262,Eco Herbal Shampoo,6,26,-11353.69,6286.05
263,Royal Ball Pen Set,9,12,3901.51,6023.73
264,Royal Instant Coffee Jar,14,2,5275.41,8500.06
265,Pro Casual Sneakers,4,30,,2442.66
266,Compact Muffins Box,13,4,3437.19,4792.8
267,Premium Tempered Glass,11,17,331.06,533.34
268,Smart Sunscreen SPF50,6,20,13193.72,19448.74
269,Deluxe Puzzle 500pc,8,20,4252.84,5807.22
270,Ultra Kurta Set,3,39,14353.29,18484.8
271,Premium Fruit Juice 1L,14,29,2750.81,4708.23
272,Deluxe Basmati Rice 5kg,1,1,2018.1,2717.9
273,Essential Chocolate Cake,13,44,5969.67,8472.34
274,Premium Cricket Bat,7,38,3534.48,5884.46
275,Ultra Ball Pen Set,9,28,10482.39,17018.45
276,Classic LED TV 43in,2,999,-14559.41,8583.72
277,Royal Phone Case,11,23,12596.81,22324.14
278,Classic Instant Coffee Jar,14,18,10559.67,12248.0
279,Premium Flip Flops,4,27,11846.99,20954.4
280,Essential Salt 1kg,1,35,4246.4,5796.29
281,Pro Induction Cooktop,12,28,4787.61,6810.12
282,Deluxe Football,7,41,98.66,152.44
283,Eco Bed Side Table,10,13,9958.13,12013.77
284,Pro Mixer Grinder,12,45,8386.62,13377.94
285,Essential Building Blocks Set,8,42,12805.02,18971.71
286,Compact Formal Shoes,4,5,5914.99,8825.57
287,Royal Face Wash,6,43,3364.49,5208.69
288,Royal Puzzle 500pc,8,38,7159.74,9263.24
289,Royal Sketch Book,9,14,7921.56,13297.76
290,Deluxe Soft Drink 2L,14,41,14211.47,24248.56
291,Compact Sunscreen SPF50,6,28,1863.05,2328.81
292,Essential Body Lotion,6,43,1338.24,1883.05
293,Deluxe Board Game,8,34,2265.21,3606.48
294,Compact Flip Flops,4,999,-5114.62,2968.22
295,Deluxe Toor Dal 1kg,1,20,10778.34,14318.88
296,Classic Soft Drink 2L,14,34,9549.42,16313.07
297,Ultra Cookies Pack,13,24,13809.39,22320.29
298,Pro Cookies Pack,13,28,9729.82,16317.27
299,Ultra Plastic Chair,10,13,14665.78,24984.81
300,Classic Casual Sneakers,4,6,11345.46,15845.21
301,Classic Multivitamin Tablets,15,38,8461.07,14872.77
302,Classic Remote Control Car,8,29,,7398.22
303,Pro Leather Sandals,4,35,628.01,999.73
304,Classic Muffins Box,13,6,3326.21,3991.91
305,Ultra Bluetooth Speaker,2,30,843.97,1344.14
306,Pro Toor Dal 1kg,1,38,2120.49,2999.47
307,Eco Body Lotion,6,34,14733.8,18726.59
308,Pro Power Bank 10000mAh,2,17,9966.04,13396.4
309,Smart Phone Case,11,20,3742.87,5229.34
310,Deluxe Steel Dinner Set,5,4,3128.44,4924.05
311,Compact Electric Kettle,12,22,3019.99,5277.72
312,Royal Face Wash,6,5,6145.75,9324.36
313,Smart Muffins Box,13,13,10664.13,17826.16
314,Eco Face Mask Pack,15,14,884.59,1266.66
315,Ultra Green Tea Pack,14,32,2718.88,4756.84
316,Smart Remote Control Car,8,14,8026.03,10059.19
317,Essential Notebook Pack,9,7,3040.38,3677.33
318,Essential Fruit Juice 1L,14,44,6380.16,10937.59
319,Smart Formal Trousers,3,15,13123.3,21892.07
320,Compact Storage Container Set,5,36,12622.75,15762.45
321,Compact Yoga Mat,7,25,2356.64,3155.99
322,Deluxe Formal Shoes,4,12,6459.28,10278.58
323,Royal Bluetooth Speaker,2,999,-1112.56,904.05
324,Eco Multivitamin Tablets,15,32,4214.38,5676.43
325,Essential Leather Sandals,4,18,11521.25,18978.95
326,Ultra Non-Stick Pan,5,39,1527.99,1758.49
327,Deluxe Non-Stick Pan,5,22,5266.44,7703.1
328,Classic Power Bank 10000mAh,2,36,6835.64,11179.85
329,Premium Football,7,3,613.38,936.33
330,Compact Resistance Band,7,5,5633.2,8906.34
331,Premium Power Bank 10000mAh,2,42,13104.04,19160.21
332,Classic Protein Powder,15,10,7452.01,11166.03
333,Royal Printed T-Shirt,3,3,7611.61,10568.6
334,Eco Leather Sandals,4,999,-7536.91,6612.32
335,Eco Chocolate Cake,13,6,11255.63,14068.15
336,Royal Resistance Band,7,8,4393.53,7595.66
337,Ultra Leather Sandals,4,33,10667.64,12698.65
338,Eco LED TV 43in,2,40,11597.38,14653.93
339,Ultra Muffins Box,13,12,181.27,319.25
340,Deluxe Bluetooth Speaker,2,33,10188.51,12718.34
341,Compact Leather Sandals,4,5,14959.46,24900.51
342,Classic Cookies Pack,13,39,9553.11,12222.01
343,Classic Muffins Box,13,42,10767.32,14826.38
344,Deluxe Earphones,11,17,12429.87,21865.84
345,Pro Instant Coffee Jar,14,25,12381.1,20551.14
346,Classic Study Table,10,17,11265.71,19161.38
347,Essential Ball Pen Set,9,37,13623.62,21735.97
348,Compact Muffins Box,13,25,6105.49,7366.97
349,Smart Sunscreen SPF50,6,1,4521.04,6973.66
350,Pro Board Game,8,39,4505.88,5608.87
351,Ultra Football,7,3,4396.13,5306.94
352,Royal Board Game,8,16,1828.25,2914.08
353,Smart Formal Trousers,3,22,14366.45,19905.33
354,Smart Bed Side Table,10,32,4791.03,8238.35
355,Pro Instant Coffee Jar,14,34,155.7,265.43
356,Compact Bookshelf,10,44,1531.59,2311.54
357,Smart Dumbbell Set,7,43,6252.09,9279.85
358,Smart Storage Container Set,5,43,10645.08,16990.66
359,Essential Salt 1kg,1,32,5468.56,9758.8
360,Royal Phone Case,11,25,6727.05,11020.24
